Modelo,MSE,MAE,RMSE,R2
GRU,0.004980776458978653,0.05427674204111099,0.07057461887598038,0.6894286870956421
