Modelo,MSE,MAE,RMSE,R2
LSTM,0.004907089285552502,0.053741876035928726,0.07005061954259872,0.6940234303474426
