Modelo,MSE,MAE,RMSE,R2
Prophet,0.3585375557365122,0.0314254921347971,0.038815933774760315,0.5912131952535715
