Model,MSE,MAE,RMSE,R2
SimpleRNN,0.0052835880778729916,0.05695003271102905,0.07268829643726349,0.6705472469329834
